rating,text,title,combined_text,predicted_rating_bert,predicted_rating_roberta
4.0,I bought this bc I thought it had the nice white background. Turns out it‚Äôs clear & since my phone is blue it doesn‚Äôt look anything like this.  If I had known that I would have purchased something else. It works ok.,No white background! It‚Äôs clear!,No white background! It‚Äôs clear!. I bought this bc I thought it had the nice white background. Turns out it‚Äôs clear & since my phone is blue it doesn‚Äôt look anything like this.  If I had known that I would have purchased something else. It works ok.,2,5
5.0,Perfect. How pissed am I that I recently paid $20 for 1 Fitbit cable and promptly lost the damned thing?  Extremely pissed!  I keep the spare in my medicine bag so hopefully I won‚Äôt lose it and my grandson can‚Äôt get to it and try to use it as a belt or a dog leash or any of the other nutty things he‚Äôs been using the other one for.,Awesome!  Great price!  Works well!,Awesome!  Great price!  Works well!. Perfect. How pissed am I that I recently paid $20 for 1 Fitbit cable and promptly lost the damned thing?  Extremely pissed!  I keep the spare in my medicine bag so hopefully I won‚Äôt lose it and my grandson can‚Äôt get to it and try to use it as a belt or a dog leash or any of the other nutty things he‚Äôs been using the other one for.,4,1
5.0,Overall very happy with the end result. If you hate puzzles don‚Äôt do it. I love puzzles and it worked for me. Took a lot of concentration and attention to detail and about an hour! The YouTube video helped a ton with installing the new screen. Highly recommend using a how to video when replacing your screen. The tools and supplies they provided were adequate. I did use additional tools from my home to successfully installed a new screen. My screws on the inside of the iPhone were stuck and I had to use an X-Acto knife to get them to come out. The glass Screen for the iPhone was beautiful and worked great. The screen protector that was additional came cracked (Not a big deal as it was extra in my eyes). I did need to use the X-Acto knife to cut off part of a plastic piece to make the final fit. So yes I modified the screen and instructions but ended up working great for me.<br /><br />I was very careful with all of the circuit boards and connections as recommended on the YouTube video. My screen replacement was very successful and I‚Äôm very happy with how it turned out.,Worked but took an hour to install,Worked but took an hour to install. Overall very happy with the end result. If you hate puzzles don‚Äôt do it. I love puzzles and it worked for me. Took a lot of concentration and attention to detail and about an hour! The YouTube video helped a ton with installing the new screen. Highly recommend using a how to video when replacing your screen. The tools and supplies they provided were adequate. I did use additional tools from my home to successfully installed a new screen. My screws on the inside of the iPhone were stuck and I had to use an X-Acto knife to get them to come out. The glass Screen for the iPhone was beautiful and worked great. The screen protector that was additional came cracked (Not a big deal as it was extra in my eyes). I did need to use the X-Acto knife to cut off part of a plastic piece to make the final fit. So yes I modified the screen and instructions but ended up working great for me.<br /><br />I was very careful with all of the circuit boards and connections as recommended on the YouTube video. My screen replacement was very successful and I‚Äôm very happy with how it turned out.,3,5
4.0,Lasted about 9 months then the lock button broke off. Decent product but costing scrapes off like crazy.  I shredded this case. Protected my phone tho,Decent,Decent. Lasted about 9 months then the lock button broke off. Decent product but costing scrapes off like crazy.  I shredded this case. Protected my phone tho,2,1
5.0,LOVE THIS CASE! Works better than my expensive $35 cases! lol,LOVE IT!,LOVE IT!. LOVE THIS CASE! Works better than my expensive $35 cases! lol,4,5
5.0,This item works great with my IPhone 13 with Magna Case on it. Also charges my Apple watch & IPods all at the same time. No issues at all. Fast shipping was great! On of the best chargers I have owned.,Works Great with my IPhone 13 & Magna Case!,Works Great with my IPhone 13 & Magna Case!. This item works great with my IPhone 13 with Magna Case on it. Also charges my Apple watch & IPods all at the same time. No issues at all. Fast shipping was great! On of the best chargers I have owned.,4,5
5.0,Item came as described! Fast shipping & east to install!,Great item! Easy to install!,Great item! Easy to install!. Item came as described! Fast shipping & east to install!,4,5
4.0,Stocking stuffers for my boys & they liked them.,Four Stars,Four Stars. Stocking stuffers for my boys & they liked them.,3,5
5.0,My son loves his camo case! It is a great value & protects the phone from the normal wear & tear of a pre teen!,It is a great value & protects the phone from the normal wear ...,It is a great value & protects the phone from the normal wear .... My son loves his camo case! It is a great value & protects the phone from the normal wear & tear of a pre teen!,4,5
5.0,"These work. It is a little difficult to get the yellow side off the sticky but, otherwise a great product!",Good to have these around!,"Good to have these around!. These work. It is a little difficult to get the yellow side off the sticky but, otherwise a great product!",3,5
5.0,These really work! I like having one in my bathroom near the medicine cabinet when I'm getting ready for work and one on the wall by my desk connected to the charger. This way I don't lose it or get water on it.,These work!,These work!. These really work! I like having one in my bathroom near the medicine cabinet when I'm getting ready for work and one on the wall by my desk connected to the charger. This way I don't lose it or get water on it.,4,5
5.0,These big phones are so hard for me to hang onto in my little hand. This case with a popsocket is the best!,Finally something I can Hang onto!,Finally something I can Hang onto!. These big phones are so hard for me to hang onto in my little hand. This case with a popsocket is the best!,4,5
5.0,"Works great, looks great, sticks, great!","Great, great, great!","Great, great, great!. Works great, looks great, sticks, great!",4,5
5.0,"Some people have given this less favorable reviews. My feeling is that for the price, It's VERY good. It's grippy, it fits well, the portals are unobstructed and it's slim. Not bulky at all. I wish they had more colors because, for the price, I would have several. My popsocket sticks to it too!",Great value!,"Great value!. Some people have given this less favorable reviews. My feeling is that for the price, It's VERY good. It's grippy, it fits well, the portals are unobstructed and it's slim. Not bulky at all. I wish they had more colors because, for the price, I would have several. My popsocket sticks to it too!",3,5
4.0,Great fit and love the color. Just enough grip and non-skid in the car. The charger is a little bit annoying to plug in because the bottom tend to overlap a tiny bit so you have to plug in at an angle...but it works fine.,Great fit and love the color,Great fit and love the color. Great fit and love the color. Just enough grip and non-skid in the car. The charger is a little bit annoying to plug in because the bottom tend to overlap a tiny bit so you have to plug in at an angle...but it works fine.,3,5
3.0,It's hard to separate the ring from the inner circle..it's hard to grab. It does at least rotate. Now laying your phone flat is not an option though.,It's ok,It's ok. It's hard to separate the ring from the inner circle..it's hard to grab. It does at least rotate. Now laying your phone flat is not an option though.,2,3
2.0,"Putting it on a night stand drawer or top of headboard.  Just don't try to tighten it up to where it doesn't slip off.  When the husband tightened his up it popped off and cracked the head on the base.  Hope they stand behind the product, we will see?",Don't try to tighten it up!!,"Don't try to tighten it up!!. Putting it on a night stand drawer or top of headboard.  Just don't try to tighten it up to where it doesn't slip off.  When the husband tightened his up it popped off and cracked the head on the base.  Hope they stand behind the product, we will see?",0,1
5.0,We've survived a few drops. Nice case.,Does a good job of protecting my phone,Does a good job of protecting my phone. We've survived a few drops. Nice case.,3,5
5.0,"I got these for my wife and she loves them. They fit her really well and sound pretty good. I wouldn't compare them to something like bose qc 35 or sony's flagship, but rather to offerings from mpow,anker,aukey etc. I think they perform just as good as the 60-80 dollar competitors.","Light, good sound, cheaper than most","Light, good sound, cheaper than most. I got these for my wife and she loves them. They fit her really well and sound pretty good. I wouldn't compare them to something like bose qc 35 or sony's flagship, but rather to offerings from mpow,anker,aukey etc. I think they perform just as good as the 60-80 dollar competitors.",3,5
5.0,"Went on perfect. Clean phone with wet wipe, then dry wipe. then microfiber and dust pickup stickers. Pull the tab off and lay the glass screen on the phone. It should go on with the bubbles escaping by itself. Took ten minutes and I have no bubbles or dust under the screen from what I can see.",Perfect and easy,"Perfect and easy. Went on perfect. Clean phone with wet wipe, then dry wipe. then microfiber and dust pickup stickers. Pull the tab off and lay the glass screen on the phone. It should go on with the bubbles escaping by itself. Took ten minutes and I have no bubbles or dust under the screen from what I can see.",4,5
5.0,"Fits and stays in vent while holding a moto x with an otter box. The magnet is still very strong through the case. For the price, it's hard to beat and I would recommend to anyone who can spare to lose an air vent.",Simple and works,"Simple and works. Fits and stays in vent while holding a moto x with an otter box. The magnet is still very strong through the case. For the price, it's hard to beat and I would recommend to anyone who can spare to lose an air vent.",3,5
5.0,Better than the straight original because wire doesn't break when used a lot in portrait alignment.,Better than the straight original.,Better than the straight original.. Better than the straight original because wire doesn't break when used a lot in portrait alignment.,3,5
5.0,It was perfect,Perfect,Perfect. It was perfect,4,5
5.0,Fast charging,Fast,Fast. Fast charging,3,3
5.0,Great band. Fits perfectly and adjustable.,Great Band,Great Band. Great band. Fits perfectly and adjustable.,4,5
5.0,Works great!,Awesome product,Awesome product. Works great!,4,5
5.0,"Great case. Stylish, durable and not bulky.",Great product,"Great product. Great case. Stylish, durable and not bulky.",4,5
2.0,A bit complicated to apply. Requires spraying adhesive on a cloth in order to apply to watch face. Instructs you to wait a few days before all the air bubbles dry. Did not want to put something so permanent on my new Apple watch.,A bit complicated to apply. Requires spraying adhesive on ...,A bit complicated to apply. Requires spraying adhesive on .... A bit complicated to apply. Requires spraying adhesive on a cloth in order to apply to watch face. Instructs you to wait a few days before all the air bubbles dry. Did not want to put something so permanent on my new Apple watch.,2,1
5.0,"Adorable, and good quality. the service was on time and easy.",Yeah  okay,"Yeah  okay. Adorable, and good quality. the service was on time and easy.",3,5
5.0,"Yep, this is what I expected",Five Stars,"Five Stars. Yep, this is what I expected",4,5
1.0,"This product is cheaply made, some of the parts are missing, and the directions do not help at all. The product is not as represented both in the description and what I received is nothing like what i see in many of the customer photos. It would cost me more to return this than I paid for it, so in the trash it's going.",Buyer BEWARE!!,"Buyer BEWARE!!. This product is cheaply made, some of the parts are missing, and the directions do not help at all. The product is not as represented both in the description and what I received is nothing like what i see in many of the customer photos. It would cost me more to return this than I paid for it, so in the trash it's going.",0,1
5.0,"This product works perfectly and the price is amazing. I already ordered a second one so I can have one in the living room and one on my nightstand in my bedroom. Great product, works as advertised.",Excellent,"Excellent. This product works perfectly and the price is amazing. I already ordered a second one so I can have one in the living room and one on my nightstand in my bedroom. Great product, works as advertised.",4,5
4.0,It was ok wasn't what I wanted. Endy up ordering a different  one.,Well made,Well made. It was ok wasn't what I wanted. Endy up ordering a different  one.,2,3
5.0,It was a gift.  She liked it.,It nice to have a place for cards,It nice to have a place for cards. It was a gift.  She liked it.,3,5
5.0,My sister love it butter then any I have give her.,It holds your cards and pictures,It holds your cards and pictures. My sister love it butter then any I have give her.,4,5
1.0,"I absolutely do not like this phone. Screen is small and phone is slow, laggy and won't charge while plugged in. I knew this was not an expensive phone but I didn't think it would be this bad.",Returning as soon as I can.,"Returning as soon as I can.. I absolutely do not like this phone. Screen is small and phone is slow, laggy and won't charge while plugged in. I knew this was not an expensive phone but I didn't think it would be this bad.",0,1
5.0,Nice phone with decent sized screen. Charges fast. You can also use a simple mobile sim card in this phone. Good phone for people who don't enjoy frills and thrills,Very nice,Very nice. Nice phone with decent sized screen. Charges fast. You can also use a simple mobile sim card in this phone. Good phone for people who don't enjoy frills and thrills,3,5
5.0,Wrks great to power up my Kindle Fire.  Great price and arrived quickly.,Five Stars,Five Stars. Wrks great to power up my Kindle Fire.  Great price and arrived quickly.,4,5
5.0,perfect for what I needed does take some moving around to getting it charged with case on,excellent product,excellent product. perfect for what I needed does take some moving around to getting it charged with case on,4,5
5.0,Love this.....it's amazing and haven't lost any gems.  When others see it they want it!  So I tell them where to buy it!!!!,"Love, love  and I get so many compliments!","Love, love  and I get so many compliments!. Love this.....it's amazing and haven't lost any gems.  When others see it they want it!  So I tell them where to buy it!!!!",4,5
5.0,"I purchased this as a gift, she loved it.  Especially the hat on the yoga kitty.  It is very cute and useful too.",Was a gift and it was loved,"Was a gift and it was loved. I purchased this as a gift, she loved it.  Especially the hat on the yoga kitty.  It is very cute and useful too.",4,5
1.0,"Refurbished so I expected it to work well but it gives me trouble on and off.  Trouble in terms of dropping out going calls, many times it won't send my text messages and there are times I have learned of missed calls coming in which isn't good when you use this as your only phone.  I realize I saved some money on getting the refurbished model to replace my original but am now thinking I have to spend the money to get something that would be really reliable on a consistent basis.  I don't blame the folks who refurbished it because it probably worked for them when testing it out.",Not a solid purchase,"Not a solid purchase. Refurbished so I expected it to work well but it gives me trouble on and off.  Trouble in terms of dropping out going calls, many times it won't send my text messages and there are times I have learned of missed calls coming in which isn't good when you use this as your only phone.  I realize I saved some money on getting the refurbished model to replace my original but am now thinking I have to spend the money to get something that would be really reliable on a consistent basis.  I don't blame the folks who refurbished it because it probably worked for them when testing it out.",1,1
5.0,Very nice to use.  In fact I only bought one and will need to purchase more because my family fights over it....which is nice.  Just wish it came in a better assortment of colors.,Love it,Love it. Very nice to use.  In fact I only bought one and will need to purchase more because my family fights over it....which is nice.  Just wish it came in a better assortment of colors.,3,5
4.0,"I like this virgin phone, it's held up very well and is easy to use.  It's hard to find much variety in the virgin phones anymore that don't have some form of contract so that's the only downside.",Good purchase,"Good purchase. I like this virgin phone, it's held up very well and is easy to use.  It's hard to find much variety in the virgin phones anymore that don't have some form of contract so that's the only downside.",3,5
5.0,awesome bracket! really am pleased!,Five Stars,Five Stars. awesome bracket! really am pleased!,4,5
2.0,WRONG CABLE. . .DID NOT USE. . .,WRONG CABLE... DID NOT USE.. ...,WRONG CABLE... DID NOT USE.. .... WRONG CABLE. . .DID NOT USE. . .,0,1
5.0,It works great!!!!,Five Stars,Five Stars. It works great!!!!,4,5
5.0,"Quick delivery, outstanding quality and looks fantastic!!",Great case,"Great case. Quick delivery, outstanding quality and looks fantastic!!",4,5
2.0,I didn‚Äôt like this product because water got inside.,I wouldn‚Äôt buy again,I wouldn‚Äôt buy again. I didn‚Äôt like this product because water got inside.,1,1
3.0,"Broke the first day I got it, but I liked it.",but I liked it.,"but I liked it.. Broke the first day I got it, but I liked it.",2,5
3.0,"Doesn't cover the entire screen, does its job of being a reflective surface, however you get what you pay for when it comes to this. Not so crazy cool, but works for now until I decide to buy another one.","Not so crazy cool, but works for now until I decide to ...","Not so crazy cool, but works for now until I decide to .... Doesn't cover the entire screen, does its job of being a reflective surface, however you get what you pay for when it comes to this. Not so crazy cool, but works for now until I decide to buy another one.",2,3
3.0,"You get what you pay for, not for protective wear in the slightest but still a cool parlor trick.",not for protective wear in the slightest but still a cool parlor trick,"not for protective wear in the slightest but still a cool parlor trick. You get what you pay for, not for protective wear in the slightest but still a cool parlor trick.",3,3
1.0,"Got it in the mail and was way too excited to use it, I usually only get 10% charged on my phone and the thing is done.",Got it in the mail and was way too excited ...,"Got it in the mail and was way too excited .... Got it in the mail and was way too excited to use it, I usually only get 10% charged on my phone and the thing is done.",1,5
3.0,"Wouldn't buy it again, but it's a very sturdy, bulky case. Kickstand is somewhat useful. Case is nice and sharp looking. Wished the front part extended above the screen of my phone, so I wouldn't have to worry about scratches. 3/5.","but it's a very sturdy, bulky case","but it's a very sturdy, bulky case. Wouldn't buy it again, but it's a very sturdy, bulky case. Kickstand is somewhat useful. Case is nice and sharp looking. Wished the front part extended above the screen of my phone, so I wouldn't have to worry about scratches. 3/5.",2,5
5.0,I like the design & the weight of the case feels comfortable,Pretty,Pretty. I like the design & the weight of the case feels comfortable,3,5
1.0,Fell apart right away.  Clamps get in the way of the buttons on iPhone 5,One Star,One Star. Fell apart right away.  Clamps get in the way of the buttons on iPhone 5,0,1
5.0,Have bought this brand for a few years. I have had my current one on for 2 years. Bought these for my husband‚Äôs upgrade,Great protection,Great protection. Have bought this brand for a few years. I have had my current one on for 2 years. Bought these for my husband‚Äôs upgrade,4,5
1.0,"Within 2 weeks of using it fell off the phone at some point and now is lost, forever I suppose. I like the way it felt while using for holding phone and loved how it worked as a stand but magnet did not hold sadly.",Forever Lost‚Ä¶,"Forever Lost‚Ä¶. Within 2 weeks of using it fell off the phone at some point and now is lost, forever I suppose. I like the way it felt while using for holding phone and loved how it worked as a stand but magnet did not hold sadly.",1,3
5.0,The pictures aren‚Äôt clear,It‚Äôs durable,It‚Äôs durable. The pictures aren‚Äôt clear,2,3
1.0,"Ok, it's attractive and I liked that it had slots for credit cards.  But it doesn't actually hold your phone in place.  Which, by definition, is what a case is for.",Worthless:  Does not hold the phone in place.,"Worthless:  Does not hold the phone in place.. Ok, it's attractive and I liked that it had slots for credit cards.  But it doesn't actually hold your phone in place.  Which, by definition, is what a case is for.",1,5
1.0,Stopped working pretty quickly.,Barely lasted two months.,Barely lasted two months.. Stopped working pretty quickly.,0,3
5.0,Durable.  Just what I needed.,Great case,Great case. Durable.  Just what I needed.,4,5
3.0,Too slippery.  I dropped my phone constantly.  Had too get something different.,Too slippery,Too slippery. Too slippery.  I dropped my phone constantly.  Had too get something different.,1,1
5.0,Unique & pretty. Nice sizing abilities with the chain.,Will recommend,Will recommend. Unique & pretty. Nice sizing abilities with the chain.,4,5
5.0,"Very diverse. Bought as gifts, they liked them. Some use at desk, some are using in their cars.",Very diverse,"Very diverse. Very diverse. Bought as gifts, they liked them. Some use at desk, some are using in their cars.",3,5
5.0,I like what it do fast in do the Job!!  I got my friends  buying it  how it sits and charge  without  plugging it in. You have to check it out!,ITS FAST AND DO THE JOB!!,ITS FAST AND DO THE JOB!!. I like what it do fast in do the Job!!  I got my friends  buying it  how it sits and charge  without  plugging it in. You have to check it out!,4,5
4.0,Really nothing I don't have to charge in a couple of days last that law such energy such power I should this a long time ago,Seein is believing that's only proof by one you'll see yourself the durrance long lasting You has,Seein is believing that's only proof by one you'll see yourself the durrance long lasting You has. Really nothing I don't have to charge in a couple of days last that law such energy such power I should this a long time ago,4,5
2.0,"I had one that lasted for about a year. I bought another when that one suddenly stopped working. The second unit quit before I had it for two months. The third unit also quit before the two month mark. This is so handy and nice when it works, but they sure don‚Äôt last long. We do not use this excessively. It is usually used to charge two iPads and sometimes a phone overnight. I‚Äôd say pass on this unless you are okay spending $50 for two months of use.","So frustrating, nice when it works","So frustrating, nice when it works. I had one that lasted for about a year. I bought another when that one suddenly stopped working. The second unit quit before I had it for two months. The third unit also quit before the two month mark. This is so handy and nice when it works, but they sure don‚Äôt last long. We do not use this excessively. It is usually used to charge two iPads and sometimes a phone overnight. I‚Äôd say pass on this unless you are okay spending $50 for two months of use.",1,1
1.0,Arrived broken and is the wrong size even though it clearly says it will fit the phone. I would not recommend this.,Piece of crap,Piece of crap. Arrived broken and is the wrong size even though it clearly says it will fit the phone. I would not recommend this.,0,1
5.0,Bought this for my son for his birthday. He loves it!,great case,great case. Bought this for my son for his birthday. He loves it!,4,5
2.0,awful case for protection. Very pretty to look at but would not suggest,no good,no good. awful case for protection. Very pretty to look at but would not suggest,0,1
5.0,Great case,Awesome,Awesome. Great case,4,5
5.0,Great replacement for a wallet. The phone case itself is removable from the base of the wallet. The magnetic hold of the phone is strong and sturdy,Room  for all my cards,Room  for all my cards. Great replacement for a wallet. The phone case itself is removable from the base of the wallet. The magnetic hold of the phone is strong and sturdy,4,5
1.0,Crap,One Star,One Star. Crap,0,1
5.0,"As long as you follow the directions EXACTLY, it‚Äôs easy to apply",Screen protectors,"Screen protectors. As long as you follow the directions EXACTLY, it‚Äôs easy to apply",3,5
5.0,"The screen protector is complicated to put on, but if you follow the instructions EXACTLY it is easy and works perfectly. Just don‚Äôt skip any steps or jump ahead, thinking you know what to do. Just read it and follow the directions in order",Screen protector,"Screen protector. The screen protector is complicated to put on, but if you follow the instructions EXACTLY it is easy and works perfectly. Just don‚Äôt skip any steps or jump ahead, thinking you know what to do. Just read it and follow the directions in order",4,5
5.0,"Great system for application.  It actually went on easy, straight and with NO BUBBLES.  JETech perfected this system.",No Bubbles,"No Bubbles. Great system for application.  It actually went on easy, straight and with NO BUBBLES.  JETech perfected this system.",4,5
5.0,"I bought a renewed  iPhone 8 and OMG it is beautiful.  The only way anyone could know that it was reconditioned was by the white box it came in.  No scratches,  dents, cracks or any  imperfections.  I did upgrade to Excellent condition, but I never thought it would be so nice.  THANK YOU!!!!!",Renewed Perfection,"Renewed Perfection. I bought a renewed  iPhone 8 and OMG it is beautiful.  The only way anyone could know that it was reconditioned was by the white box it came in.  No scratches,  dents, cracks or any  imperfections.  I did upgrade to Excellent condition, but I never thought it would be so nice.  THANK YOU!!!!!",4,5
5.0,Beautiful & functional,KEZiHOME CASE,KEZiHOME CASE. Beautiful & functional,4,5
5.0,The bendable arm is extra sturdy & the clips that hold the phone in place seem to be strong & easy to use,"Fast Charging, ANDOBIL, wireless, cup holder, car charger","Fast Charging, ANDOBIL, wireless, cup holder, car charger. The bendable arm is extra sturdy & the clips that hold the phone in place seem to be strong & easy to use",4,5
1.0,This case is terrible. It looks terrible because it is see through it is all nearly IMPOSSIBLE to take the case off. Please do not buy.,Terrible waste of money,Terrible waste of money. This case is terrible. It looks terrible because it is see through it is all nearly IMPOSSIBLE to take the case off. Please do not buy.,0,1
5.0,Ordered for husband he likes to carry all his cards and money instead of ell and wallet. Works good. Looks like a woman's wallet but he likes it I like teasing him. Good quality product,Husband's phone purse,Husband's phone purse. Ordered for husband he likes to carry all his cards and money instead of ell and wallet. Works good. Looks like a woman's wallet but he likes it I like teasing him. Good quality product,3,5
5.0,This cover for my phone and seems to stay in place with no issues.,Fit!,Fit!. This cover for my phone and seems to stay in place with no issues.,4,5
3.0,"This product did not fit my smart watch, returned, no problems returned money fast.","Could be good, not for me tho","Could be good, not for me tho. This product did not fit my smart watch, returned, no problems returned money fast.",0,1
2.0,"These bands did not fit my fitness watch but I so wished they could have, they were super nice , soft and great colors. Returned. Fast and convenient returns!",Very nice bands,"Very nice bands. These bands did not fit my fitness watch but I so wished they could have, they were super nice , soft and great colors. Returned. Fast and convenient returns!",4,5
5.0,All was good worked as expected,Works great,Works great. All was good worked as expected,4,5
5.0,"Purchased for my husband, he loves it and its made good, looks nice",Very nice,"Very nice. Purchased for my husband, he loves it and its made good, looks nice",4,5
1.0,"This phone was used very few times, after four months good service it went dead.  I called the company, it was still under warranty, but I just got a run around.  I wasted about five hours trying phone calls (and yes, it has been recharged) I was told to mail it back to the company, which I did, and it came back still not working.  I would suggest you never buy an LG product.  I am 83 years old and disabled and returning it to the store is not an option.  I bought it online and now I am stuck.  Carol Jones.  Carol19321@gmail.com",Don't buy L G cell phones,"Don't buy L G cell phones. This phone was used very few times, after four months good service it went dead.  I called the company, it was still under warranty, but I just got a run around.  I wasted about five hours trying phone calls (and yes, it has been recharged) I was told to mail it back to the company, which I did, and it came back still not working.  I would suggest you never buy an LG product.  I am 83 years old and disabled and returning it to the store is not an option.  I bought it online and now I am stuck.  Carol Jones.  Carol19321@gmail.com",0,1
4.0,Good band for the price.,Good watch band for the price,Good watch band for the price. Good band for the price.,3,5
5.0,Great love the non clunky look.,otter box,otter box. Great love the non clunky look.,4,5
1.0,"I have gone through 3 sets of these in 2 months, that's 6 protectors.<br />The company doesn't respond and they are just too fragile. One set didn't adhere at all and just fell off, luckily I was able to return that one. But there are so fragile. One broke while playing a game tapping on the screen.<br /><br />Do not buy this brand","Super fragile, and no warranty support!","Super fragile, and no warranty support!. I have gone through 3 sets of these in 2 months, that's 6 protectors.<br />The company doesn't respond and they are just too fragile. One set didn't adhere at all and just fell off, luckily I was able to return that one. But there are so fragile. One broke while playing a game tapping on the screen.<br /><br />Do not buy this brand",0,1
3.0,Works well with fingerprint reader and touch screen. But it breaks super easy. Also the first set I got didn't stick to the screen and just popped off like the glue was old.,Seems to protect well enough but breaks if you breath in it,Seems to protect well enough but breaks if you breath in it. Works well with fingerprint reader and touch screen. But it breaks super easy. Also the first set I got didn't stick to the screen and just popped off like the glue was old.,2,5
2.0,The USB port just broke loose the 3rx time I used it. Cheaply built. I'll stick with a basic charger.,Broke 3rd time I used it,Broke 3rd time I used it. The USB port just broke loose the 3rx time I used it. Cheaply built. I'll stick with a basic charger.,0,1
5.0,"Very happy with this case. I tried several others including other Spigen cases, and this was my favorite.",Nice texture and feel. Compliments pixel 6 pro well.,"Nice texture and feel. Compliments pixel 6 pro well.. Very happy with this case. I tried several others including other Spigen cases, and this was my favorite.",4,5
2.0,"I had this same case on my pixel 3 and loved it. However something about the pixel 6 just feels too nice to have such a cheap case. Spigen is great and I have a different model on my pixel 6 pro, but this one just looked and felt cheap on it.",Too cheap for such a nice phone,"Too cheap for such a nice phone. I had this same case on my pixel 3 and loved it. However something about the pixel 6 just feels too nice to have such a cheap case. Spigen is great and I have a different model on my pixel 6 pro, but this one just looked and felt cheap on it.",1,5
5.0,Beautiful paint and stays on very well. Seems durable and protective.,More durable than expected,More durable than expected. Beautiful paint and stays on very well. Seems durable and protective.,4,5
2.0,"Was difficult to get on my iPhone 14 plus.  Once it was on the phone, the touch screen didn‚Äôt work properly.  It would take multiple ‚Äú.touches ‚Äú to get the screen to recognize the ‚Äútouch‚Äù.<br /><br />It appears that this case would be protective.  It isn‚Äôt flimsy.  It looked nice.<br /><br />Very difficult to remove.",Caution,"Caution. Was difficult to get on my iPhone 14 plus.  Once it was on the phone, the touch screen didn‚Äôt work properly.  It would take multiple ‚Äú.touches ‚Äú to get the screen to recognize the ‚Äútouch‚Äù.<br /><br />It appears that this case would be protective.  It isn‚Äôt flimsy.  It looked nice.<br /><br />Very difficult to remove.",1,3
5.0,Better than expected.  Very nice looking case.  Quality materials.  Fit my iPhone 14 plus perfectly.,Pretty,Pretty. Better than expected.  Very nice looking case.  Quality materials.  Fit my iPhone 14 plus perfectly.,4,5
2.0,"This is a thin, cheap case.  It was inexpensive, so I shouldn‚Äôt be surprised.  The back is just thin plastic.  It is clear, I thought it would be black.  The edges of the case are a bit thicker.  I doubt this is very protective.  It does fit the Apple phone 8 plus, perfectly.","Well, it‚Äôs a case","Well, it‚Äôs a case. This is a thin, cheap case.  It was inexpensive, so I shouldn‚Äôt be surprised.  The back is just thin plastic.  It is clear, I thought it would be black.  The edges of the case are a bit thicker.  I doubt this is very protective.  It does fit the Apple phone 8 plus, perfectly.",2,5
5.0,"I have purchased a couple watch bands recently and they had the same issue.  They weren‚Äôt long enough.  The band was closed on the largest setting.  If my wrist was a tad larger, the band would not have fit. I am not a large woman.<br /><br />The band itself, was nice.",A tad small,"A tad small. I have purchased a couple watch bands recently and they had the same issue.  They weren‚Äôt long enough.  The band was closed on the largest setting.  If my wrist was a tad larger, the band would not have fit. I am not a large woman.<br /><br />The band itself, was nice.",2,3
4.0,The band is nice looking and well made.  It should be a bit larger.  It almost didn‚Äôt fit my wrist.  I am an averaged sized woman.,A bit small,A bit small. The band is nice looking and well made.  It should be a bit larger.  It almost didn‚Äôt fit my wrist.  I am an averaged sized woman.,2,5
4.0,"This is a nice looking watch band.  I was mostly pleased with the purchase.  The band could be a bit larger.  It almost didn‚Äôt fit my wrist.  If it was any smaller, it wouldn‚Äôt have fit.  I am not an extremely large women, either.  I am average.",A bit small,"A bit small. This is a nice looking watch band.  I was mostly pleased with the purchase.  The band could be a bit larger.  It almost didn‚Äôt fit my wrist.  If it was any smaller, it wouldn‚Äôt have fit.  I am not an extremely large women, either.  I am average.",2,5
5.0,"A charger for both your iPhone and Apple Watch?  Great idea!  Cuts down on the amount of chargers you must have in your house or for traveling.  Great to take to work, in case something needs charged.  Great for traveling.",Great idea,"Great idea. A charger for both your iPhone and Apple Watch?  Great idea!  Cuts down on the amount of chargers you must have in your house or for traveling.  Great to take to work, in case something needs charged.  Great for traveling.",4,5
5.0,"It‚Äôs a nice watch band.  Pretty.  I love the colors.  Getting the band adjusted is a bit confusing at first.  The latch mechanism is also confusing.  One everything is figured out, it is a nice purchase.",I love the colors,"I love the colors. It‚Äôs a nice watch band.  Pretty.  I love the colors.  Getting the band adjusted is a bit confusing at first.  The latch mechanism is also confusing.  One everything is figured out, it is a nice purchase.",3,5
5.0,"Quick shipping!  I opened the package and there were two protectors.  One leopard print, the other clear.  I am sure the listing states that, but I guess I didn‚Äôt pay attention.<br /><br />Enclosed in the box are two sets of packets.  One to clean the screen and one to dry it.  The protectors have a film on the back to protect them.  It comes off easily.<br /><br />I love the leopard print case.  I wore it for a few days after receiving it.<br /><br />The cases are easy to put on and easy to remove.  They do not cause the touchscreen to not work.",Cute case,"Cute case. Quick shipping!  I opened the package and there were two protectors.  One leopard print, the other clear.  I am sure the listing states that, but I guess I didn‚Äôt pay attention.<br /><br />Enclosed in the box are two sets of packets.  One to clean the screen and one to dry it.  The protectors have a film on the back to protect them.  It comes off easily.<br /><br />I love the leopard print case.  I wore it for a few days after receiving it.<br /><br />The cases are easy to put on and easy to remove.  They do not cause the touchscreen to not work.",3,5
5.0,"Fits phone perfect, took a good fall and kept my phone safe!",Durable and stylish,"Durable and stylish. Fits phone perfect, took a good fall and kept my phone safe!",4,5
5.0,Good screen protector. Seems to be good product.,Does what it needs to do.,Does what it needs to do.. Good screen protector. Seems to be good product.,3,5
5.0,"This is my 3rd case. Every time I get a new phone they are slightly bigger so I get a new case.  The blue and purple one is my favorite. I don't drop my phone too often but when I did this protector did exactly what it was supposed to. It saved my phone. Love the bling , makes me happy üòä. Definitely would recommend this little gem.",Durable t,"Durable t. This is my 3rd case. Every time I get a new phone they are slightly bigger so I get a new case.  The blue and purple one is my favorite. I don't drop my phone too often but when I did this protector did exactly what it was supposed to. It saved my phone. Love the bling , makes me happy üòä. Definitely would recommend this little gem.",4,5
5.0,Great case for my phone. Looks good and is sturdy. I think it will hold up well. Love the color and little hearts. Such a girly thing to make me ‚ò∫.,Great phone case,Great phone case. Great case for my phone. Looks good and is sturdy. I think it will hold up well. Love the color and little hearts. Such a girly thing to make me ‚ò∫.,4,5
4.0,"I really like the instructions for putting this on. It made it easy to line it up straight. And the fit was perfect for the iPhone 11. The price was also great for two screen protectors. Touch screen works great with this and so far it seems durable protectong the screen.<br /><br /> Maybe user error, but it was difficult to get the air bubbles out, and they keep coming back, not sure why. Otherwise, very happy with this",Great value for the price,"Great value for the price. I really like the instructions for putting this on. It made it easy to line it up straight. And the fit was perfect for the iPhone 11. The price was also great for two screen protectors. Touch screen works great with this and so far it seems durable protectong the screen.<br /><br /> Maybe user error, but it was difficult to get the air bubbles out, and they keep coming back, not sure why. Otherwise, very happy with this",3,5
5.0,Great case. Very light and fits the phone well. Good value for the price,Nice case,Nice case. Great case. Very light and fits the phone well. Good value for the price,4,5
5.0,"These were great replacement bands, as the original bands broke after only a year. These fit great and were easy to attach to the watch. And at a much cheaper price than buying the original replacement bands.",Why pay more?,"Why pay more?. These were great replacement bands, as the original bands broke after only a year. These fit great and were easy to attach to the watch. And at a much cheaper price than buying the original replacement bands.",4,5
3.0,I love this tripod and take it on all trips to use with my cel phone. I have a Samsung Galaxy S21 and the remote does not work with it. The remote would shutter and either take 50 burst shots or no pictures at all. Mostly no pictures at all though. It needs an App.,Remote fails. Great tripod.,Remote fails. Great tripod.. I love this tripod and take it on all trips to use with my cel phone. I have a Samsung Galaxy S21 and the remote does not work with it. The remote would shutter and either take 50 burst shots or no pictures at all. Mostly no pictures at all though. It needs an App.,1,5
5.0,"I've had this for a year now and it's saved my screen from lots of bumps, hits, and scratches.  Totally worth it. Great product.",Great product.,"Great product.. I've had this for a year now and it's saved my screen from lots of bumps, hits, and scratches.  Totally worth it. Great product.",4,5
1.0,This shouldn‚Äôt be called a phone case!! Is doesn‚Äôt have any designated spots for side buttons so although it ‚Äúfits‚Äù it‚Äôs left feeling janky poor quality and wiggly with every use of th side buttons or too much pressure from your hands. I have kids this will result in my phone getting broken because it barely keeps my phone secure. The only good thing is it‚Äôs semi cute but even the word boys is cut out to ensure room for the camera. So if I could report under 1 start and y‚Äôall see this then I would but I wanted y‚Äôall to at least be able to see an honest iPods for review,Flimsy janky DOES NOT SECURE PHONE SAFELY,Flimsy janky DOES NOT SECURE PHONE SAFELY. This shouldn‚Äôt be called a phone case!! Is doesn‚Äôt have any designated spots for side buttons so although it ‚Äúfits‚Äù it‚Äôs left feeling janky poor quality and wiggly with every use of th side buttons or too much pressure from your hands. I have kids this will result in my phone getting broken because it barely keeps my phone secure. The only good thing is it‚Äôs semi cute but even the word boys is cut out to ensure room for the camera. So if I could report under 1 start and y‚Äôall see this then I would but I wanted y‚Äôall to at least be able to see an honest iPods for review,1,1
5.0,works for me,phone case,phone case. works for me,3,5
5.0,"I haven't had this long enough to comment on durability.  As a new case, the Pela is refined looking and smooth feeling.",Nice looking,"Nice looking. I haven't had this long enough to comment on durability.  As a new case, the Pela is refined looking and smooth feeling.",3,5
5.0,"After the weeks long power outage after Hurricane Ida, I got everyone on my Christmas list this solar power  charger.  This is the kind of something you don't think to buy when the power is working, but will be damn glad to have if it goes out.  Get one!",Without power for 3 weeks!,"Without power for 3 weeks!. After the weeks long power outage after Hurricane Ida, I got everyone on my Christmas list this solar power  charger.  This is the kind of something you don't think to buy when the power is working, but will be damn glad to have if it goes out.  Get one!",0,5
5.0,I've wanted one of these for a while...soon glad I bought one,Very Nice,Very Nice. I've wanted one of these for a while...soon glad I bought one,4,5
5.0,Great! Just like a otterbox!,Love the colors!,Love the colors!. Great! Just like a otterbox!,4,5
5.0,LOVED IT,VERY NICE,VERY NICE. LOVED IT,4,5
1.0,"DON'T BUY THIS, ITS GARBAGE,  SAVE YOUR SELF THE HASSEL",PLEASE DON'T BUY THIS,"PLEASE DON'T BUY THIS. DON'T BUY THIS, ITS GARBAGE,  SAVE YOUR SELF THE HASSEL",0,1
5.0,"VERY NICE CASE, GOOD QUALITY,",KEEPS PHONE SAFE AND SECURE,"KEEPS PHONE SAFE AND SECURE. VERY NICE CASE, GOOD QUALITY,",4,5
1.0,"LOW QUALITY,  GETS,AIR BUBBLES IN IT VERY EASILY,  DISSAPOINTING",NOT RECCOMENDED,"NOT RECCOMENDED. LOW QUALITY,  GETS,AIR BUBBLES IN IT VERY EASILY,  DISSAPOINTING",0,1
2.0,"SCREEN PROTECTOR ISN'T GOOD, CASE IS OK, BUT VERY CHEAPLY MADE, NOT RECCOMENDED",Case for S8,"Case for S8. SCREEN PROTECTOR ISN'T GOOD, CASE IS OK, BUT VERY CHEAPLY MADE, NOT RECCOMENDED",1,1
5.0,Works fine.,Does the job,Does the job. Works fine.,3,5
5.0,"I honk it's so pretty, finger holder helps",Five Stars,"Five Stars. I honk it's so pretty, finger holder helps",4,5
5.0,This is pretty and blingy. It fits my phone. I like it.,Bling,Bling. This is pretty and blingy. It fits my phone. I like it.,4,5
5.0,Flashy and cute. Fits the phone well,Cute and fits well,Cute and fits well. Flashy and cute. Fits the phone well,4,5
4.0,Doesn't quite fit. Cheaply made but cute design.,Doesn't fit the phone properly,Doesn't fit the phone properly. Doesn't quite fit. Cheaply made but cute design.,1,1
5.0,"I had the standard red rubber wristband for my apple iwatch that I had used for months. Around Christmas I picked out a cute Christmas band which I wore until the season was over. Beginning of January, I ordered a new set of bands which were terrible (see reviews) and I couldn't get them to work. Anyway, I saw this band and had my fingers crossed it would be different. To my surprise it was! Super easy to install (unlike the last one), fits and adjusted to my wrist perfectly. The band (although rubber type as well) has a great ribbed look which makes it look different and fashionable. I got it in white and it looks great with the red face of my iwatch. I am finally wearing my watch again. This is a great band and recommend to everyone!",One of my absolute favorites,"One of my absolute favorites. I had the standard red rubber wristband for my apple iwatch that I had used for months. Around Christmas I picked out a cute Christmas band which I wore until the season was over. Beginning of January, I ordered a new set of bands which were terrible (see reviews) and I couldn't get them to work. Anyway, I saw this band and had my fingers crossed it would be different. To my surprise it was! Super easy to install (unlike the last one), fits and adjusted to my wrist perfectly. The band (although rubber type as well) has a great ribbed look which makes it look different and fashionable. I got it in white and it looks great with the red face of my iwatch. I am finally wearing my watch again. This is a great band and recommend to everyone!",4,5
3.0,"This is next to impossible for me (68 year old woman) to get these on my wrist. I still cannot get these to fit right and I can't even get them to snap closed properly. I noticed earlier this week that my watch fell off in the car while wearing it. I am just thankful it happened in the car so I didn't lose my Apple watch. I know it just may be me as I am not super handy with this kind of stuff. Just think that, as with other watch bands. this shouldn't be as complicated as this is.",I couldn't use these,"I couldn't use these. This is next to impossible for me (68 year old woman) to get these on my wrist. I still cannot get these to fit right and I can't even get them to snap closed properly. I noticed earlier this week that my watch fell off in the car while wearing it. I am just thankful it happened in the car so I didn't lose my Apple watch. I know it just may be me as I am not super handy with this kind of stuff. Just think that, as with other watch bands. this shouldn't be as complicated as this is.",1,1
5.0,"This is a well made iwatch bracelet. I wear it most of the time now. A little tricky in removing the excess links but once I figured it out, it is easy on/easy off. Attractive, makes it look a little dressy (far better than the rubber one the iwatch comes with). Not sure I understand the other bracelet that this comes with, don't know why it's a set. Haven't worn it. But the iwatch bracelet/band is a nice one.",Nice Iwatch bracelet!,"Nice Iwatch bracelet!. This is a well made iwatch bracelet. I wear it most of the time now. A little tricky in removing the excess links but once I figured it out, it is easy on/easy off. Attractive, makes it look a little dressy (far better than the rubber one the iwatch comes with). Not sure I understand the other bracelet that this comes with, don't know why it's a set. Haven't worn it. But the iwatch bracelet/band is a nice one.",3,5
5.0,"Oh, this is such an amazing little device. My phone sits on it easily and I love that it is upright (I can see text messages without having to pick up my phone from my previous wireless charger. I wanted this as I recently got an iwatch 7 and my watch sits perfectly on top. Everything in one, small, space saving device. Both my watch and phone charge quickly (although I usually do them overnight). Highly recommend for anyone looking for a charging station.",Where has this been my whole life?,"Where has this been my whole life?. Oh, this is such an amazing little device. My phone sits on it easily and I love that it is upright (I can see text messages without having to pick up my phone from my previous wireless charger. I wanted this as I recently got an iwatch 7 and my watch sits perfectly on top. Everything in one, small, space saving device. Both my watch and phone charge quickly (although I usually do them overnight). Highly recommend for anyone looking for a charging station.",4,5
5.0,"I was excited to get this powerbank for multiple reasons. First, I live in Florida where power outages intermittently occur but especially during hurricanes. Second, I travel a lot and love to take videos and photos with my iPhone XR. This powerbank helps me with both purposes. I recently went on a cruise to the Caribbean where I was off the ship many times without access to power. I kept this device in my purse and as soon as I could see the power getting critically low, I was easily able to recharge my phone and continue with my explorations. I have not experienced any hurricanes yet since I have owned this but, as we are in August and quickly approaching the highest part of hurricane season, I am thrilled to know that if I was to lose power I have at least a way to continue to keep in touch with friends and relatives!",Great way to provide additional charging capabilities to your devices!,"Great way to provide additional charging capabilities to your devices!. I was excited to get this powerbank for multiple reasons. First, I live in Florida where power outages intermittently occur but especially during hurricanes. Second, I travel a lot and love to take videos and photos with my iPhone XR. This powerbank helps me with both purposes. I recently went on a cruise to the Caribbean where I was off the ship many times without access to power. I kept this device in my purse and as soon as I could see the power getting critically low, I was easily able to recharge my phone and continue with my explorations. I have not experienced any hurricanes yet since I have owned this but, as we are in August and quickly approaching the highest part of hurricane season, I am thrilled to know that if I was to lose power I have at least a way to continue to keep in touch with friends and relatives!",4,5
5.0,"This is a handy device which I keep with me at all times. Although I have a relatively new iPhone XR, and the battery life is far superior to my old iPhone 5S, it still will wear down, especially if I am using the video feature when I am out and about. Having this with me helps extend the use of my iPhone and I don't need to be running around trying to find an outlet (especially when I am stuck at the airport or outdoors). Highly recommend. Would make a great gift for the person in your life who has everything.",Great portable battery pack!,"Great portable battery pack!. This is a handy device which I keep with me at all times. Although I have a relatively new iPhone XR, and the battery life is far superior to my old iPhone 5S, it still will wear down, especially if I am using the video feature when I am out and about. Having this with me helps extend the use of my iPhone and I don't need to be running around trying to find an outlet (especially when I am stuck at the airport or outdoors). Highly recommend. Would make a great gift for the person in your life who has everything.",4,5
5.0,This is a great extended battery pack. Used it on a recent 3 week trip to Europe for times when I was away from my charger (and electricity). I love to use my phone almost exclusively for picture and video taking and the videos really ate away at my phone battery. I found this portable charger just what I needed to allow myself almost a full day of use without worrying about plugging in. Highly recommend this and I think everyone should own one.This will also come in handy in my house now that Florida is entering storm season and we frequently lose power. Having one of these handy will assure me of continuous phone (and internet) use for hours.,"Great portable battery charger, every home should own one","Great portable battery charger, every home should own one. This is a great extended battery pack. Used it on a recent 3 week trip to Europe for times when I was away from my charger (and electricity). I love to use my phone almost exclusively for picture and video taking and the videos really ate away at my phone battery. I found this portable charger just what I needed to allow myself almost a full day of use without worrying about plugging in. Highly recommend this and I think everyone should own one.This will also come in handy in my house now that Florida is entering storm season and we frequently lose power. Having one of these handy will assure me of continuous phone (and internet) use for hours.",4,5
5.0,"I have to qualify this review by stating my last phone was an Iphone5s that I had for at least 4 years. Through the years, the phone had been dropped several times which resulted in phone damage and cracked glass. Luckily, the iPhone still worked but I promised myself that my next phone I would take better care of (especially because of the $$). So, I finally upgraded to the iPhone XR in February and decided to try this case. I will tell you it is great. Easy to install around my phone, I find it a great way to protect my latest investment. I honestly have already dropped (actually it slipped out of my hands) the phone and there is not a ding or a scratch on the phone (probably due to the heavy duty bumper). It also looks great and is an attractive investment in a long future with this phone.",Great phone protection!,"Great phone protection!. I have to qualify this review by stating my last phone was an Iphone5s that I had for at least 4 years. Through the years, the phone had been dropped several times which resulted in phone damage and cracked glass. Luckily, the iPhone still worked but I promised myself that my next phone I would take better care of (especially because of the $$). So, I finally upgraded to the iPhone XR in February and decided to try this case. I will tell you it is great. Easy to install around my phone, I find it a great way to protect my latest investment. I honestly have already dropped (actually it slipped out of my hands) the phone and there is not a ding or a scratch on the phone (probably due to the heavy duty bumper). It also looks great and is an attractive investment in a long future with this phone.",4,5
5.0,"I love the fact that this case not only protects my new iPhone XR, but is mostly clear on the back to allow the beauty of my blue iPhone to show through. It is well constructed, hugs my iPhone snugly and protects it. To be honest, I haven't dropped my phone yet so I can't attest to how any heavy duty wear and tear will stand up. However, these is a nice heavy rubber feel so it should allow some abuse.","Attractive and protective, what else do you need?","Attractive and protective, what else do you need?. I love the fact that this case not only protects my new iPhone XR, but is mostly clear on the back to allow the beauty of my blue iPhone to show through. It is well constructed, hugs my iPhone snugly and protects it. To be honest, I haven't dropped my phone yet so I can't attest to how any heavy duty wear and tear will stand up. However, these is a nice heavy rubber feel so it should allow some abuse.",3,5
5.0,"These are great lightweight bluetooth earbuds. I typically have trouble finding earbuds that fit me comfortably, but when I saw this design, I thought I would try them out. Surprisingly, they fit comfortably and stayed snug in my ears as I did my gym workout. This is kind of a unique design and I now know which ones I will need going forward. And the name Panasonic assures sound quality as well. Couldn't ask for a better headset, I really like these.","Great bluetooth headset, unique design fit me to a tee","Great bluetooth headset, unique design fit me to a tee. These are great lightweight bluetooth earbuds. I typically have trouble finding earbuds that fit me comfortably, but when I saw this design, I thought I would try them out. Surprisingly, they fit comfortably and stayed snug in my ears as I did my gym workout. This is kind of a unique design and I now know which ones I will need going forward. And the name Panasonic assures sound quality as well. Couldn't ask for a better headset, I really like these.",4,5
4.0,"Nice looking case. I like the storage capability for credit cards and cash. I have used it when I am out on my bike, going to the stores, so I don't have to try to lug a handbag or something else. Not crazy about the extra bulk this adds to the iphone (despite the claim that it is minimal), but I guess it's the price you pay for the storage capability and protection). This is well built, sturdy and does protect the phone well. As others have mentioned, it is prone to scratches (I have seen several on mine already and I don't even remember doing anything rough to cause them). Rating this a four star, as it does what it says. Like I mentioned, my biggest complaint is the slight bulk to the phone added and maybe the price (I think you can do better than $40 for a phone case out there).","Great case, is as advertised, prone to scratches","Great case, is as advertised, prone to scratches. Nice looking case. I like the storage capability for credit cards and cash. I have used it when I am out on my bike, going to the stores, so I don't have to try to lug a handbag or something else. Not crazy about the extra bulk this adds to the iphone (despite the claim that it is minimal), but I guess it's the price you pay for the storage capability and protection). This is well built, sturdy and does protect the phone well. As others have mentioned, it is prone to scratches (I have seen several on mine already and I don't even remember doing anything rough to cause them). Rating this a four star, as it does what it says. Like I mentioned, my biggest complaint is the slight bulk to the phone added and maybe the price (I think you can do better than $40 for a phone case out there).",3,5
4.0,"I have an Iphone 4 that I use for work. When I saw this as a choice in the Vine program, I jumped on it. Honestly, although there may be more and even better cases out there, for $10 you can't beat this. It protects my phone (top and bottom) and seamlessly hugs the device tightly (yet I am still able to use a headset and fit the charger in easily). I highly recommend this for anyone looking to provide adequate protection for their Iphone, but don't want to spend a lot of money.",Great case for the price,"Great case for the price. I have an Iphone 4 that I use for work. When I saw this as a choice in the Vine program, I jumped on it. Honestly, although there may be more and even better cases out there, for $10 you can't beat this. It protects my phone (top and bottom) and seamlessly hugs the device tightly (yet I am still able to use a headset and fit the charger in easily). I highly recommend this for anyone looking to provide adequate protection for their Iphone, but don't want to spend a lot of money.",4,5
1.0,"I have a iPhone 6s with the Mophie Reserve case.  This belt clip holster doesn't fit, it is too big and my phone was loose.  The belt clip does look like it is well made, but if you have the same set up as I do it will not fit.",Will not fit iPhone 6s with Mophie Reserve Case,"Will not fit iPhone 6s with Mophie Reserve Case. I have a iPhone 6s with the Mophie Reserve case.  This belt clip holster doesn't fit, it is too big and my phone was loose.  The belt clip does look like it is well made, but if you have the same set up as I do it will not fit.",1,1
5.0,Love this pen! Great for doing graphics on my iPad! Just what I wanted.,Great for graphics!,Great for graphics!. Love this pen! Great for doing graphics on my iPad! Just what I wanted.,4,5
5.0,We use this in our F150 and it works great. No issues and just as expected.,Just as expected,Just as expected. We use this in our F150 and it works great. No issues and just as expected.,4,5
5.0,I have used this brand for many years and I am always pleased with them. They are easy to install and they last a good amount of time.,Have used this brand for many years,Have used this brand for many years. I have used this brand for many years and I am always pleased with them. They are easy to install and they last a good amount of time.,4,5
5.0,This is a great case for the price. I like the durability and the stand. Counldn't ask for more.,Great case,Great case. This is a great case for the price. I like the durability and the stand. Counldn't ask for more.,4,5
5.0,Ordered to hold a flash drive and it works well.,Nice,Nice. Ordered to hold a flash drive and it works well.,4,5
5.0,The small size is nice. I bought this for an event and left it on due to how comfortable it is.,Cute and comfortable,Cute and comfortable. The small size is nice. I bought this for an event and left it on due to how comfortable it is.,3,5
2.0,After using it for about a week the antennas started pulling away from the rest of the case,Cute but breaks easily,Cute but breaks easily. After using it for about a week the antennas started pulling away from the rest of the case,1,3
4.0,"The case does its job. The small lanyard is super handy along with where the hook is located. The only downfall was that the pooh that came with it, fell of randomly at some point.",Fun case,"Fun case. The case does its job. The small lanyard is super handy along with where the hook is located. The only downfall was that the pooh that came with it, fell of randomly at some point.",3,5
3.0,The back prop up doesn't stay in place very well. The lanyard hoop also broke off the first day. It still works and is fun to look at.,Cute but not super sturdy,Cute but not super sturdy. The back prop up doesn't stay in place very well. The lanyard hoop also broke off the first day. It still works and is fun to look at.,2,5
2.0,"Case wouldn‚Äôt click closed. If it had this would be a great review because the case quality, pocket and mirror was great. Didn‚Äôt have time to order another case so just taped it shut and it worked.",Wouldn‚Äôt click closed,"Wouldn‚Äôt click closed. Case wouldn‚Äôt click closed. If it had this would be a great review because the case quality, pocket and mirror was great. Didn‚Äôt have time to order another case so just taped it shut and it worked.",1,5
1.0,"Watched the video 3x.<br />had the video on my phone while attempting to install.<br /><br />First attempt: the protector was cut correctly and one corner was stuck. I worked it free but that caused the corner to not ever stick. I tried multiple times and the corner would never stay adhered.<br />Scratch 1 Screen Protector. :(<br /><br />#2 - All seemed to go well. It adhered with nothing stuck under it and only a few bubbles. Those disappeared within a day. I let the screen protector cure from 1PM to 0600 next day. Wore it with no watch protector over the top and had no issues. After 4 days added my tough armor watch protector at the end of Day 5. for a few days no problems. Now today Day 10, two of the corners are peeling up. (opposite corners).<br />I have tried to get them back on with the touch armor on the still. Doesn't seem to work.<br />I can't think of any reason this should peel up in the corner when for over 4 days it worked fine. nothing changed.<br /><br />I guess I will try out the warranty but fear the worse.<br />Not happy.<br /><br />Downside I also bought this for her watch and am supposed to try those today. aaaarrrrrggggghhhh",1 of 2 wasn't cut right and the 2d one- corners are sticking down.,"1 of 2 wasn't cut right and the 2d one- corners are sticking down.. Watched the video 3x.<br />had the video on my phone while attempting to install.<br /><br />First attempt: the protector was cut correctly and one corner was stuck. I worked it free but that caused the corner to not ever stick. I tried multiple times and the corner would never stay adhered.<br />Scratch 1 Screen Protector. :(<br /><br />#2 - All seemed to go well. It adhered with nothing stuck under it and only a few bubbles. Those disappeared within a day. I let the screen protector cure from 1PM to 0600 next day. Wore it with no watch protector over the top and had no issues. After 4 days added my tough armor watch protector at the end of Day 5. for a few days no problems. Now today Day 10, two of the corners are peeling up. (opposite corners).<br />I have tried to get them back on with the touch armor on the still. Doesn't seem to work.<br />I can't think of any reason this should peel up in the corner when for over 4 days it worked fine. nothing changed.<br /><br />I guess I will try out the warranty but fear the worse.<br />Not happy.<br /><br />Downside I also bought this for her watch and am supposed to try those today. aaaarrrrrggggghhhh",1,1
5.0,It fasts charges our iPhoneX as fast as Apple will let it for now. It sits right on the night stand and allowed me to use the Apple Cord with my to go bag for traveling. The color (Gold) fits in with her decorations and bedding so it was a win overall.,Works on Apple iPhoneX @ Apple speeds,Works on Apple iPhoneX @ Apple speeds. It fasts charges our iPhoneX as fast as Apple will let it for now. It sits right on the night stand and allowed me to use the Apple Cord with my to go bag for traveling. The color (Gold) fits in with her decorations and bedding so it was a win overall.,4,5
4.0,I like the plain look and ability to have my iWatch near me in the bedroom where I can get to it. the feet are sticky so be prepared once you take the plastic off the feet to have it stay there. I'm hoping these don't leave marks. The cable management piece is a bit in the open but I'm working on finding a better solution.,"Plain, simple & nice price","Plain, simple & nice price. I like the plain look and ability to have my iWatch near me in the bedroom where I can get to it. the feet are sticky so be prepared once you take the plastic off the feet to have it stay there. I'm hoping these don't leave marks. The cable management piece is a bit in the open but I'm working on finding a better solution.",3,5
4.0,"I needed a charger for at work. This fits along side my other tech gear, fits in and charges my iPhoneX. It is not a rapid charger but that is OK for my use at work.",Good Charger just not a rapid charger iPhone,"Good Charger just not a rapid charger iPhone. I needed a charger for at work. This fits along side my other tech gear, fits in and charges my iPhoneX. It is not a rapid charger but that is OK for my use at work.",3,5
5.0,"So far so good. It is light weight, fits tightly and has saved my phone 3x. Can't beat the case for the price. Plus it charges on my wireless charger. Recommend it !",Worth the money,"Worth the money. So far so good. It is light weight, fits tightly and has saved my phone 3x. Can't beat the case for the price. Plus it charges on my wireless charger. Recommend it !",4,5
4.0,"Followed directions, even cleaned it screen with my Glass cleaner (new) rag. Had shower running but no luck getting these on without specs of dust.<br />I did try to lift off the 1st one and re do - failure. Glad there were 2, other one worked better but still has 2 specks of dust plus an air bubble I can't get out and I do not want to lift this off like the first one. YMMV on putting these are. They aren't as thick as the pricer ones but seem to work for now.<br /><br />Update: Anker reached out to see if we could fix the problem. They sent a new set and added additional directions.<br />I have updated the rating based on the assistance and what seems like a bit more improved screen protector.<br />The shower was running to put some humidity in the air, I used rubbing alcohol after the screen cleaner and we vacuumed the room prior.<br />a much better result.",Glad it came with 2 - updated after great customer service.,"Glad it came with 2 - updated after great customer service.. Followed directions, even cleaned it screen with my Glass cleaner (new) rag. Had shower running but no luck getting these on without specs of dust.<br />I did try to lift off the 1st one and re do - failure. Glad there were 2, other one worked better but still has 2 specks of dust plus an air bubble I can't get out and I do not want to lift this off like the first one. YMMV on putting these are. They aren't as thick as the pricer ones but seem to work for now.<br /><br />Update: Anker reached out to see if we could fix the problem. They sent a new set and added additional directions.<br />I have updated the rating based on the assistance and what seems like a bit more improved screen protector.<br />The shower was running to put some humidity in the air, I used rubbing alcohol after the screen cleaner and we vacuumed the room prior.<br />a much better result.",2,5
5.0,Sturdy yet thin build which helps retain the mini‚Äôs profile. Much better then the Apple spec cases.,Great value,Great value. Sturdy yet thin build which helps retain the mini‚Äôs profile. Much better then the Apple spec cases.,4,5
5.0,"Great privacy screen, accurate cut and very easy to install. No air bubbles.",Great value,"Great value. Great privacy screen, accurate cut and very easy to install. No air bubbles.",4,5
5.0,"Everything is great, sturdy.","Sleekest, sturdiest, easiest to use vent mount.","Sleekest, sturdiest, easiest to use vent mount.. Everything is great, sturdy.",4,5
5.0,"I liked the softness of the case and the bling factor, too.",It covers the edges of your phone nicely,"It covers the edges of your phone nicely. I liked the softness of the case and the bling factor, too.",3,5
5.0,was looking for something ilke this forever  glad i finally found it  honestly though  id be nervous to put money or credit card in the holder  i only got it to hold the phone more comfortably  id be concerned with whatever i put in there slipping out very easily,i loveeeeeeeee this product,i loveeeeeeeee this product. was looking for something ilke this forever  glad i finally found it  honestly though  id be nervous to put money or credit card in the holder  i only got it to hold the phone more comfortably  id be concerned with whatever i put in there slipping out very easily,4,5
1.0,dont waste your money  i didnt even take it out of package to see it wouldnt have stood up no matter what  when i see 5 star reviews  i have to wonder,junk,junk. dont waste your money  i didnt even take it out of package to see it wouldnt have stood up no matter what  when i see 5 star reviews  i have to wonder,0,1
5.0,love this pen glad i picked it  i just wish it came in other colors besides white,awesome pen,awesome pen. love this pen glad i picked it  i just wish it came in other colors besides white,4,5
1.0,too bouncy  i wouldnt trust my cell phone on it  being returned,disappointed,disappointed. too bouncy  i wouldnt trust my cell phone on it  being returned,1,1
1.0,being returned  too bouncy,disappointed :(,disappointed :(. being returned  too bouncy,1,1
4.0,it has some weight to it  which is what i wanted  i just got a stylo 5 and the other couple of cases i bought are too slippery  .. this one i what i wanted  that rugged tirey feel to it  for my clumsy hands  the only thing the kickstand only goes in one direction i think  i cant see how it would turn so i can have it standing up  but thats ok  i have a  cell phone stand i guess  id give it a 5 if the kickstand would turn in both directions,nice and heavy,nice and heavy. it has some weight to it  which is what i wanted  i just got a stylo 5 and the other couple of cases i bought are too slippery  .. this one i what i wanted  that rugged tirey feel to it  for my clumsy hands  the only thing the kickstand only goes in one direction i think  i cant see how it would turn so i can have it standing up  but thats ok  i have a  cell phone stand i guess  id give it a 5 if the kickstand would turn in both directions,3,5
5.0,but the wires are really long  i ordered one that is 1.5 feet  hopefully that'll be OK  i can use these blue ones for the car  or if i need a LONGGG  extension somewhere for the phone  (God forbid like when i was in the hospital LOL)  please God i dont want the wire for that again lol,love it,love it. but the wires are really long  i ordered one that is 1.5 feet  hopefully that'll be OK  i can use these blue ones for the car  or if i need a LONGGG  extension somewhere for the phone  (God forbid like when i was in the hospital LOL)  please God i dont want the wire for that again lol,3,1
5.0,needed a new cable  new phone =  new cable usb type C  drives me crazy !!  but i needed it for my power bank to work with my new phone,perfect size,perfect size. needed a new cable  new phone =  new cable usb type C  drives me crazy !!  but i needed it for my power bank to work with my new phone,4,5
3.0,"im looking for a heavier case and this said purple its more like a ""pink"" color  not happy with it but it'll do for now",still not what im looking for but its OK,"still not what im looking for but its OK. im looking for a heavier case and this said purple its more like a ""pink"" color  not happy with it but it'll do for now",2,3
1.0,UPDATE:  mine fell on my desk and i didnt realize the top broke  and when i picked it up  it was broken glass  not to mention i sliced my thumb on it ..... i contacted the company who said id get a replacement  still havent seen them !!!  so much for a  no question asked guarantee lifetime replacement<br /><br />normally these things bubble up and  make me insane .........this is the FIRST time one of these things didnt do that  went on PERFECTLY with not a single teeny weeny air bubble !  will buy again when i need them,i shoulda known better,i shoulda known better. UPDATE:  mine fell on my desk and i didnt realize the top broke  and when i picked it up  it was broken glass  not to mention i sliced my thumb on it ..... i contacted the company who said id get a replacement  still havent seen them !!!  so much for a  no question asked guarantee lifetime replacement<br /><br />normally these things bubble up and  make me insane .........this is the FIRST time one of these things didnt do that  went on PERFECTLY with not a single teeny weeny air bubble !  will buy again when i need them,1,1
5.0,purchased from my sisters wish list  she really loves it  :),really nice,really nice. purchased from my sisters wish list  she really loves it  :),4,5
1.0,UPDATE:  purchased  6/20/18  .....  it only charged a few times fully and now its pretty dead ... what a waste  ive yet to find one that's worth it and will charge for more than a few times !!!<br /><br />(so much for my first review)  so far so good .. so far i have returned 3 of these type  ..im hoping this one will be OK  and will recharge when i need it to really nice looking too and i love that it has a power switch,dead wont charge anymore after a few times,dead wont charge anymore after a few times. UPDATE:  purchased  6/20/18  .....  it only charged a few times fully and now its pretty dead ... what a waste  ive yet to find one that's worth it and will charge for more than a few times !!!<br /><br />(so much for my first review)  so far so good .. so far i have returned 3 of these type  ..im hoping this one will be OK  and will recharge when i need it to really nice looking too and i love that it has a power switch,0,5
5.0,absolutely love it  !  i ordered a diff one first and returned it although pretty it was tooo small  this one is HUGE and can fit more than just the charger for sure!!,LOVE IT,LOVE IT. absolutely love it  !  i ordered a diff one first and returned it although pretty it was tooo small  this one is HUGE and can fit more than just the charger for sure!!,4,5
5.0,i purchase these for all my phones (when i get a new one) ... ive never cracked a screen before .. then i saw the company also made one in tempered glass ...very true its much thicker  but to put it on the phone is no better .. it quickly attracted so much dust  ... i couldnt use the expensive one for 6.99  meanwhile the 2 packages came at the same time which i was glad for because i ended up using this cheaper one that i got 6 for 1.99 for  instead of the tempered glass 6.99 one .. the bubbles on the glass one were impossible to get out !!  i suggest these instead of wasting your money on the glass one,EXCELLENT PRODUCT,EXCELLENT PRODUCT. i purchase these for all my phones (when i get a new one) ... ive never cracked a screen before .. then i saw the company also made one in tempered glass ...very true its much thicker  but to put it on the phone is no better .. it quickly attracted so much dust  ... i couldnt use the expensive one for 6.99  meanwhile the 2 packages came at the same time which i was glad for because i ended up using this cheaper one that i got 6 for 1.99 for  instead of the tempered glass 6.99 one .. the bubbles on the glass one were impossible to get out !!  i suggest these instead of wasting your money on the glass one,4,5
1.0,i was hoping for better results ... its a little thicker of course than the regular ones i usually get .. but it became soiled quickly and couldnt be used .. its no easier to install than the ones the company makes which i purchased prior to this purchase  i got 6 of them for 1.99  .. ive been using cell phones for yearsssssssssssssssss and NEVER once broke a screen and im disappointed that this was no better (bubble wise and lint wise) than the cheaper ones ..... im happy both came on the same day but im NOT happy i wasted 6.99 for this one and got 6 of the regular ones for 1.99 !!!  Heres the link  https://www.amazon.com/dp/B01EBHQJH0/ref=cm_cr_ryp_prd_ttl_sol_13,DONT WASTE YOUR TIME BUY THE CHEAPER ONES,DONT WASTE YOUR TIME BUY THE CHEAPER ONES. i was hoping for better results ... its a little thicker of course than the regular ones i usually get .. but it became soiled quickly and couldnt be used .. its no easier to install than the ones the company makes which i purchased prior to this purchase  i got 6 of them for 1.99  .. ive been using cell phones for yearsssssssssssssssss and NEVER once broke a screen and im disappointed that this was no better (bubble wise and lint wise) than the cheaper ones ..... im happy both came on the same day but im NOT happy i wasted 6.99 for this one and got 6 of the regular ones for 1.99 !!!  Heres the link  https://www.amazon.com/dp/B01EBHQJH0/ref=cm_cr_ryp_prd_ttl_sol_13,0,1
5.0,High quality materials and an amazing value for the price!,Honest seller with high quality products,Honest seller with high quality products. High quality materials and an amazing value for the price!,4,5
5.0,Works great. I tried all different types of phone holders before. That‚Äôs the only one doesn‚Äòt fall off.,Works great,Works great. Works great. I tried all different types of phone holders before. That‚Äôs the only one doesn‚Äòt fall off.,4,5
5.0,Nice,Works,Works. Nice,3,5
5.0,"I received this and had trouble figuring out the fingerprint reader instructions so I went through three of the sticky tabs before I figured it out.  Then I finally got the phone to read the new print to attach to the phone but upon trying it it would not work.  I was bummed but the case was so good I decided to live without it.  A few days after I tried it again and IT WORKED, I was so happy.  I mean it cost enough it should work ... right? I am absolutely happy now!",Sooo happy!,"Sooo happy!. I received this and had trouble figuring out the fingerprint reader instructions so I went through three of the sticky tabs before I figured it out.  Then I finally got the phone to read the new print to attach to the phone but upon trying it it would not work.  I was bummed but the case was so good I decided to live without it.  A few days after I tried it again and IT WORKED, I was so happy.  I mean it cost enough it should work ... right? I am absolutely happy now!",4,5
5.0,This is a very clever gadget.  Good one for the price.,Good gadget,Good gadget. This is a very clever gadget.  Good one for the price.,3,5
5.0,Good sturdy case,Nice,Nice. Good sturdy case,3,5
3.0,"I had to change my previous review. It seemed like a good, sturdy case, but one drop and it cracked. It definitely wasn't worth the money.",Good case,"Good case. I had to change my previous review. It seemed like a good, sturdy case, but one drop and it cracked. It definitely wasn't worth the money.",2,1
3.0,Doesn't look as good as pic. Seems cheaply made. I can't trust this on a $500 phone. Will be returning,Looks cheap,Looks cheap. Doesn't look as good as pic. Seems cheaply made. I can't trust this on a $500 phone. Will be returning,0,1
3.0,"I was really hoping this case would work because it is my late grandma's favorite color, but it didn't. If you have a phone with a raised glass, you won't be protected. Ive had it on my phone 1 day & now I've got to spend $100 for a new screen. My daughter dropped my phone & my screen cracked in 3 places.",Beware!!,"Beware!!. I was really hoping this case would work because it is my late grandma's favorite color, but it didn't. If you have a phone with a raised glass, you won't be protected. Ive had it on my phone 1 day & now I've got to spend $100 for a new screen. My daughter dropped my phone & my screen cracked in 3 places.",0,1
5.0,Super cute & beautiful packaging,Beautiful,Beautiful. Super cute & beautiful packaging,4,5
5.0,"My daughter loves this better than any case she has owned. It is very pretty, with lots of shine and glittery, but the glitter isnt rough and will not wear off. Its like it has a protective coating over it","Glittery, but wont rub off. Love it!!!","Glittery, but wont rub off. Love it!!!. My daughter loves this better than any case she has owned. It is very pretty, with lots of shine and glittery, but the glitter isnt rough and will not wear off. Its like it has a protective coating over it",3,5
5.0,Love it!,"Love it! So pretty, durable, and great protection","Love it! So pretty, durable, and great protection. Love it!",4,5
5.0,I absolutely love this. I only want this purple butterfly.  I need a new one but its s20 5g I need. üòî,Convenient,Convenient. I absolutely love this. I only want this purple butterfly.  I need a new one but its s20 5g I need. üòî,4,5
3.0,Cant read print.,Thumbprint doesnt work,Thumbprint doesnt work. Cant read print.,0,1
5.0,"Son bought this for an upcoming backpacking trip where he plans to use phone to play music, etc for entertainment.  Will couple this will a battery pack.  I didn't believe him hen he said it charged his phone in less than an hour. I plugged my phone in at 27% and within 45 minutes it was already at 60% reported charge (Samsung Galaxy S5 active (2800 mAh).  Of course I know that will drop a bit once it's taken off the charger but I think this will work perfectly for his trip. As other reviewers have mentioned the pocket is useless for anything other than the included cable.  What I found to work best was used that flap to make a tent of sort of one of the solar panels and place the phone under there in the shade so the battery wouldn't get too hot from sitting in the sun.  this worked great in that configuration. It will also work good to strap it to top of his backpack and get a longer cable to place battery pack inside the top pocket of his pack to be able to take advantage of the sunny spots on the trail.  All in all, I would certainly recommend this charger to anyone looking for a lightweight powerhouse of a solar charger.",Fast and light charger,"Fast and light charger. Son bought this for an upcoming backpacking trip where he plans to use phone to play music, etc for entertainment.  Will couple this will a battery pack.  I didn't believe him hen he said it charged his phone in less than an hour. I plugged my phone in at 27% and within 45 minutes it was already at 60% reported charge (Samsung Galaxy S5 active (2800 mAh).  Of course I know that will drop a bit once it's taken off the charger but I think this will work perfectly for his trip. As other reviewers have mentioned the pocket is useless for anything other than the included cable.  What I found to work best was used that flap to make a tent of sort of one of the solar panels and place the phone under there in the shade so the battery wouldn't get too hot from sitting in the sun.  this worked great in that configuration. It will also work good to strap it to top of his backpack and get a longer cable to place battery pack inside the top pocket of his pack to be able to take advantage of the sunny spots on the trail.  All in all, I would certainly recommend this charger to anyone looking for a lightweight powerhouse of a solar charger.",3,5
5.0,"Skinomi is my go to for screen protectors. Not only are they easy to install, but they provide amazing coverage/protection & your phone still remains fully functional when using touch screen (especially with fingerprint touch).<br /><br />I will always recommend Skinomi to anyone looking for a great quality screen protector.",The Best By Far!,"The Best By Far!. Skinomi is my go to for screen protectors. Not only are they easy to install, but they provide amazing coverage/protection & your phone still remains fully functional when using touch screen (especially with fingerprint touch).<br /><br />I will always recommend Skinomi to anyone looking for a great quality screen protector.",4,5
5.0,"This is the third cell phone car mount I have purchased and I must say that the third time is the charm!<br /><br />It's built well, versatile and really does a great job of holding the phone in place (unlike the mounts I have purchased in the past).<br /><br />I highly recommend this amazing product!",Best Mount I Have Ever Purchased!,"Best Mount I Have Ever Purchased!. This is the third cell phone car mount I have purchased and I must say that the third time is the charm!<br /><br />It's built well, versatile and really does a great job of holding the phone in place (unlike the mounts I have purchased in the past).<br /><br />I highly recommend this amazing product!",4,5
1.0,The color bled on other items in my bag.  Now all of the items have red streaks all over them....not at all pleased!,not at all pleased!,not at all pleased!. The color bled on other items in my bag.  Now all of the items have red streaks all over them....not at all pleased!,1,1
5.0,Fits the phone like a glove & doesn't prohibit wireless charging. Its a nice thickness & I think will protect my phone well.,Fits like a glove!,Fits like a glove!. Fits the phone like a glove & doesn't prohibit wireless charging. Its a nice thickness & I think will protect my phone well.,4,5
5.0,"Sturdy, fantastic, well made.... AWESOME!",AWESOME,"AWESOME. Sturdy, fantastic, well made.... AWESOME!",4,5
5.0,"I have tried so many screen protectors in my life, but this by far is the best. I had also purchased the matte version, but this one is so good I doubt I'll need them anytime soon. I was a little hesitant at first, especially when I saw air bubbles. I swear to you they were gone the next morning...just like the instructions said they would be. This screen protector is easy to apply & from what I can tell is very durable. Make sure you follow the directions & spray your fingers & adhesive side with the solution... it makes a difference. I will definitely buy this brand again... should I ever need it!",Best Screenprotector By Far!!!!!,"Best Screenprotector By Far!!!!!. I have tried so many screen protectors in my life, but this by far is the best. I had also purchased the matte version, but this one is so good I doubt I'll need them anytime soon. I was a little hesitant at first, especially when I saw air bubbles. I swear to you they were gone the next morning...just like the instructions said they would be. This screen protector is easy to apply & from what I can tell is very durable. Make sure you follow the directions & spray your fingers & adhesive side with the solution... it makes a difference. I will definitely buy this brand again... should I ever need it!",4,5
5.0,Had to return for a smaller case.,Wrong size,Wrong size. Had to return for a smaller case.,0,1
